{
	"parent": "item/handheld",
	"textures" : {
		"layer0": "cmd/miekat/palava_miekka"
	},    
	"display": {
        "thirdperson_righthand": {
            "rotation": [ 90, 90, -55 ],
            "translation": [ 0, 4, 0.5 ],
            "scale": [ 0.85, 0.85, 0.85 ]
        },
        "thirdperson_lefthand": {
            "rotation": [ -270, -90, 55 ],
            "translation": [ 0, 4, 0.5 ],
            "scale": [ 0.85, 0.85, 0.85 ]
        },
        "firstperson_righthand": {
            "rotation": [ 120, 90, -55 ],
            "translation": [ 0, 4, 2.5 ],
            "scale": [ 0.56, 0.56, 0.56 ]
        },
        "firstperson_lefthand": {
            "rotation": [ -240, -90, 55 ],
            "translation": [ 0, 4, 2.5 ],
            "scale": [ 0.56, 0.56, 0.56 ]
        }
   }
}
