{
	"parent": "item/handheld",
	"textures" : {
		"layer0": "cmd/kuluvat/paimensauva"
	},    
	"display": {
        "thirdperson_righthand": {
            "rotation": [ 0, -90, -20 ],
            "translation": [ 0, 2.0, 7.5 ],
            "scale": [ 2, 2, 1 ]
        },
        "thirdperson_lefthand": {
            "rotation": [ 0, 90, 20 ],
            "translation": [ 0, 2.0, 8 ],
            "scale": [ 2, 2, 1 ]
        },
        "firstperson_righthand": {
            "rotation": [ 0, -90, 50 ],
            "translation": [ 1.13, 3.2, 1.13 ]
        },
        "firstperson_lefthand": {
            "rotation": [ 0, 90, -50 ],
            "translation": [ 1.13, 3.2, 1.13 ]
        }
    }
}
