{
	"parent": "item/handheld",
	"textures" : {
		"layer0": "cmd/kuluvat/ruoska"
	},    
	"display": {
        "thirdperson_righthand": {
            "rotation": [ 40, 90, 15 ],
            "translation": [ 0, 2.2, -3.5 ],
            "scale": [0.7, 0.7, 0.7]
        },
        "thirdperson_lefthand": {
            "rotation": [ 40, -90, -15 ],
            "translation": [ 0, 2.2, -3.5 ],
            "scale": [0.7, 0.7, 0.7]
        },
        "firstperson_righthand": {
            "rotation": [ 40, 90, 15 ],
            "translation": [ 0, 2.2, -5.5 ]
        },
        "firstperson_lefthand": {
            "rotation": [ 40, -90, -15 ],
            "translation": [ 0, 2.2, -5.5 ]
        }
    }
}
