{
	"parent": "item/handheld",
	"textures" : {
		"layer0": "cmd/kuluvat/ruoska"
	},    
	"display": {
        "thirdperson_righthand": {
            "rotation": [ 0, 90, 45 ],
            "translation": [ 0, 7.2, 2 ]
        },
        "thirdperson_lefthand": {
            "rotation": [ 0, -90, -45 ],
            "translation": [ 0, 7.2, 2 ]
        },
        "firstperson_righthand": {
            "rotation": [ 0, 90, 35 ],
            "translation": [ 1.13, 3.2, 1.13 ]
        },
        "firstperson_lefthand": {
            "rotation": [ 0, -90, -35 ],
            "translation": [ 1.13, 3.2, 1.13 ]
        }
    }
}
