{
    "parent": "minecraft:block/cube_column",
    "textures": {
        "particle": "block/oak_planks",
        "0": "block/oak_log",
        "1": "block/oak_planks",
        "2": "block/polished_diorite"
    },
    "elements": [
        {
            "name": "Cube",
            "from": [ 0.0, 0.0, 0.0 ], 
            "to": [ 2.0, 8.0, 2.0 ], 
            "faces": {
                "north": { "texture": "#0", "uv": [ 0.0, 0.0, 2.0, 16.0 ] },
                "east": { "texture": "#0", "uv": [ 0.0, 0.0, 2.0, 16.0 ] },
                "south": { "texture": "#0", "uv": [ 0.0, 0.0, 2.0, 16.0 ] },
                "west": { "texture": "#0", "uv": [ 0.0, 0.0, 2.0, 16.0 ] },
                "up": { "texture": "#0", "uv": [ 0.0, 0.0, 2.0, 2.0 ] },
                "down": { "texture": "#0", "uv": [ 0.0, 0.0, 2.0, 2.0 ] }
            }
        },
        {
            "name": "Cube",
            "from": [ 14.0, 0.0, 0.0 ], 
            "to": [ 16.0, 8.0, 2.0 ], 
            "faces": {
                "north": { "texture": "#0", "uv": [ 0.0, 0.0, 2.0, 16.0 ] },
                "east": { "texture": "#0", "uv": [ 0.0, 0.0, 2.0, 16.0 ] },
                "south": { "texture": "#0", "uv": [ 0.0, 0.0, 2.0, 16.0 ] },
                "west": { "texture": "#0", "uv": [ 0.0, 0.0, 2.0, 16.0 ] },
                "up": { "texture": "#0", "uv": [ 0.0, 0.0, 2.0, 2.0 ] },
                "down": { "texture": "#0", "uv": [ 0.0, 0.0, 2.0, 2.0 ] }
            }
        },
        {
            "name": "Cube",
            "from": [ 14.0, 0.0, 14.0 ], 
            "to": [ 16.0, 8.0, 16.0 ], 
            "faces": {
                "north": { "texture": "#0", "uv": [ 0.0, 0.0, 2.0, 16.0 ] },
                "east": { "texture": "#0", "uv": [ 0.0, 0.0, 2.0, 16.0 ] },
                "south": { "texture": "#0", "uv": [ 0.0, 0.0, 2.0, 16.0 ] },
                "west": { "texture": "#0", "uv": [ 0.0, 0.0, 2.0, 16.0 ] },
                "up": { "texture": "#0", "uv": [ 0.0, 0.0, 2.0, 2.0 ] },
                "down": { "texture": "#0", "uv": [ 0.0, 0.0, 2.0, 2.0 ] }
            }
        },
        {
            "name": "Cube",
            "from": [ 0.0, 0.0, 14.0 ], 
            "to": [ 2.0, 8.0, 16.0 ], 
            "faces": {
                "north": { "texture": "#0", "uv": [ 0.0, 0.0, 2.0, 16.0 ] },
                "east": { "texture": "#0", "uv": [ 0.0, 0.0, 2.0, 16.0 ] },
                "south": { "texture": "#0", "uv": [ 0.0, 0.0, 2.0, 16.0 ] },
                "west": { "texture": "#0", "uv": [ 0.0, 0.0, 2.0, 16.0 ] },
                "up": { "texture": "#0", "uv": [ 0.0, 0.0, 2.0, 2.0 ] },
                "down": { "texture": "#0", "uv": [ 0.0, 0.0, 2.0, 2.0 ] }
            }
        },
        {
            "name": "Cube",
            "from": [ 2.0, 0.0, 0.0 ], 
            "to": [ 14.0, 1.0, 16.0 ], 
            "faces": {
                "north": { "texture": "#1", "uv": [ 0.0, 0.0, 12.0, 1.0 ] },
                "east": { "texture": "#1", "uv": [ 0.0, 0.0, 16.0, 1.0 ] },
                "south": { "texture": "#1", "uv": [ 0.0, 0.0, 12.0, 1.0 ] },
                "west": { "texture": "#1", "uv": [ 0.0, 0.0, 16.0, 1.0 ] },
                "up": { "texture": "#1", "uv": [ 0.0, 0.0, 12.0, 16.0 ] },
                "down": { "texture": "#1", "uv": [ 0.0, 0.0, 12.0, 16.0 ] }
            }
        },
        {
            "name": "Cube",
            "from": [ 0.0, 0.0, 2.0 ], 
            "to": [ 2.0, 1.0, 14.0 ], 
            "faces": {
                "north": { "texture": "#1", "uv": [ 0.0, 0.0, 2.0, 1.0 ] },
                "east": { "texture": "#1", "uv": [ 0.0, 0.0, 12.0, 1.0 ] },
                "south": { "texture": "#1", "uv": [ 0.0, 0.0, 2.0, 1.0 ] },
                "west": { "texture": "#1", "uv": [ 0.0, 0.0, 12.0, 1.0 ] },
                "up": { "texture": "#1", "uv": [ 0.0, 0.0, 2.0, 12.0 ] },
                "down": { "texture": "#1", "uv": [ 0.0, 0.0, 2.0, 12.0 ] }
            }
        },
        {
            "name": "Cube",
            "from": [ 14.0, 0.0, 2.0 ], 
            "to": [ 16.0, 1.0, 14.0 ], 
            "faces": {
                "north": { "texture": "#1", "uv": [ 0.0, 0.0, 2.0, 1.0 ] },
                "east": { "texture": "#1", "uv": [ 0.0, 0.0, 12.0, 1.0 ] },
                "south": { "texture": "#1", "uv": [ 0.0, 0.0, 2.0, 1.0 ] },
                "west": { "texture": "#1", "uv": [ 0.0, 0.0, 12.0, 1.0 ] },
                "up": { "texture": "#1", "uv": [ 0.0, 0.0, 2.0, 12.0 ] },
                "down": { "texture": "#1", "uv": [ 0.0, 0.0, 2.0, 12.0 ] }
            }
        },
        {
            "name": "Cube",
            "from": [ 2.0, 3.0, 1.0 ], 
            "to": [ 14.0, 6.0, 2.0 ], 
            "faces": {
                "north": { "texture": "#1", "uv": [ 0.0, 0.0, 12.0, 3.0 ] },
                "east": { "texture": "#1", "uv": [ 0.0, 0.0, 1.0, 3.0 ] },
                "south": { "texture": "#1", "uv": [ 0.0, 0.0, 12.0, 3.0 ] },
                "west": { "texture": "#1", "uv": [ 0.0, 0.0, 1.0, 3.0 ] },
                "up": { "texture": "#1", "uv": [ 0.0, 0.0, 12.0, 1.0 ] },
                "down": { "texture": "#1", "uv": [ 0.0, 0.0, 12.0, 1.0 ] }
            }
        },
        {
            "name": "Cube",
            "from": [ 2.0, 3.0, 14.0 ], 
            "to": [ 14.0, 6.0, 15.0 ], 
            "faces": {
                "north": { "texture": "#1", "uv": [ 0.0, 0.0, 12.0, 3.0 ] },
                "east": { "texture": "#1", "uv": [ 0.0, 0.0, 1.0, 3.0 ] },
                "south": { "texture": "#1", "uv": [ 0.0, 0.0, 12.0, 3.0 ] },
                "west": { "texture": "#1", "uv": [ 0.0, 0.0, 1.0, 3.0 ] },
                "up": { "texture": "#1", "uv": [ 0.0, 0.0, 12.0, 1.0 ] },
                "down": { "texture": "#1", "uv": [ 0.0, 0.0, 12.0, 1.0 ] }
            }
        },
        {
            "name": "Cube",
            "from": [ 1.0, 3.0, 2.0 ], 
            "to": [ 2.0, 6.0, 14.0 ], 
            "faces": {
                "north": { "texture": "#1", "uv": [ 0.0, 0.0, 1.0, 3.0 ] },
                "east": { "texture": "#1", "uv": [ 0.0, 0.0, 12.0, 3.0 ] },
                "south": { "texture": "#1", "uv": [ 0.0, 0.0, 1.0, 3.0 ] },
                "west": { "texture": "#1", "uv": [ 0.0, 0.0, 12.0, 3.0 ] },
                "up": { "texture": "#1", "uv": [ 0.0, 0.0, 1.0, 12.0 ] },
                "down": { "texture": "#1", "uv": [ 0.0, 0.0, 1.0, 12.0 ] }
            }
        },
        {
            "name": "Cube",
            "from": [ 14.0, 3.0, 2.0 ], 
            "to": [ 15.0, 6.0, 14.0 ], 
            "faces": {
                "north": { "texture": "#1", "uv": [ 0.0, 0.0, 1.0, 3.0 ] },
                "east": { "texture": "#1", "uv": [ 0.0, 0.0, 12.0, 3.0 ] },
                "south": { "texture": "#1", "uv": [ 0.0, 0.0, 1.0, 3.0 ] },
                "west": { "texture": "#1", "uv": [ 0.0, 0.0, 12.0, 3.0 ] },
                "up": { "texture": "#1", "uv": [ 0.0, 0.0, 1.0, 12.0 ] },
                "down": { "texture": "#1", "uv": [ 0.0, 0.0, 1.0, 12.0 ] }
            }
        },
        {
            "name": "Cube",
            "from": [ 2.0, 1.0, 1.0 ], 
            "to": [ 6.0, 3.0, 2.0 ], 
            "faces": {
                "north": { "texture": "#1", "uv": [ 0.0, 0.0, 4.0, 2.0 ] },
                "east": { "texture": "#1", "uv": [ 0.0, 0.0, 1.0, 2.0 ] },
                "south": { "texture": "#1", "uv": [ 0.0, 0.0, 4.0, 2.0 ] },
                "west": { "texture": "#1", "uv": [ 0.0, 0.0, 1.0, 2.0 ] },
                "up": { "texture": "#1", "uv": [ 0.0, 0.0, 4.0, 1.0 ] },
                "down": { "texture": "#1", "uv": [ 0.0, 0.0, 4.0, 1.0 ] }
            }
        },
        {
            "name": "Cube",
            "from": [ 10.0, 1.0, 1.0 ], 
            "to": [ 14.0, 3.0, 2.0 ], 
            "faces": {
                "north": { "texture": "#1", "uv": [ 0.0, 0.0, 4.0, 2.0 ] },
                "east": { "texture": "#1", "uv": [ 0.0, 0.0, 1.0, 2.0 ] },
                "south": { "texture": "#1", "uv": [ 0.0, 0.0, 4.0, 2.0 ] },
                "west": { "texture": "#1", "uv": [ 0.0, 0.0, 1.0, 2.0 ] },
                "up": { "texture": "#1", "uv": [ 0.0, 0.0, 4.0, 1.0 ] },
                "down": { "texture": "#1", "uv": [ 0.0, 0.0, 4.0, 1.0 ] }
            }
        },
        {
            "name": "Cube",
            "from": [ 10.0, 1.0, 14.0 ], 
            "to": [ 14.0, 3.0, 15.0 ], 
            "faces": {
                "north": { "texture": "#1", "uv": [ 0.0, 0.0, 4.0, 2.0 ] },
                "east": { "texture": "#1", "uv": [ 0.0, 0.0, 1.0, 2.0 ] },
                "south": { "texture": "#1", "uv": [ 0.0, 0.0, 4.0, 2.0 ] },
                "west": { "texture": "#1", "uv": [ 0.0, 0.0, 1.0, 2.0 ] },
                "up": { "texture": "#1", "uv": [ 0.0, 0.0, 4.0, 1.0 ] },
                "down": { "texture": "#1", "uv": [ 0.0, 0.0, 4.0, 1.0 ] }
            }
        },
        {
            "name": "Cube",
            "from": [ 2.0, 1.0, 14.0 ], 
            "to": [ 6.0, 3.0, 15.0 ], 
            "faces": {
                "north": { "texture": "#1", "uv": [ 0.0, 0.0, 4.0, 2.0 ] },
                "east": { "texture": "#1", "uv": [ 0.0, 0.0, 1.0, 2.0 ] },
                "south": { "texture": "#1", "uv": [ 0.0, 0.0, 4.0, 2.0 ] },
                "west": { "texture": "#1", "uv": [ 0.0, 0.0, 1.0, 2.0 ] },
                "up": { "texture": "#1", "uv": [ 0.0, 0.0, 4.0, 1.0 ] },
                "down": { "texture": "#1", "uv": [ 0.0, 0.0, 4.0, 1.0 ] }
            }
        },
        {
            "name": "Cube",
            "from": [ 1.0, 1.0, 10.0 ], 
            "to": [ 2.0, 3.0, 14.0 ], 
            "faces": {
                "north": { "texture": "#1", "uv": [ 0.0, 0.0, 1.0, 2.0 ] },
                "east": { "texture": "#1", "uv": [ 0.0, 0.0, 4.0, 2.0 ] },
                "south": { "texture": "#1", "uv": [ 0.0, 0.0, 1.0, 2.0 ] },
                "west": { "texture": "#1", "uv": [ 0.0, 0.0, 4.0, 2.0 ] },
                "up": { "texture": "#1", "uv": [ 0.0, 0.0, 1.0, 4.0 ] },
                "down": { "texture": "#1", "uv": [ 0.0, 0.0, 1.0, 4.0 ] }
            }
        },
        {
            "name": "Cube",
            "from": [ 1.0, 1.0, 2.0 ], 
            "to": [ 2.0, 3.0, 6.0 ], 
            "faces": {
                "north": { "texture": "#1", "uv": [ 0.0, 0.0, 1.0, 2.0 ] },
                "east": { "texture": "#1", "uv": [ 0.0, 0.0, 4.0, 2.0 ] },
                "south": { "texture": "#1", "uv": [ 0.0, 0.0, 1.0, 2.0 ] },
                "west": { "texture": "#1", "uv": [ 0.0, 0.0, 4.0, 2.0 ] },
                "up": { "texture": "#1", "uv": [ 0.0, 0.0, 1.0, 4.0 ] },
                "down": { "texture": "#1", "uv": [ 0.0, 0.0, 1.0, 4.0 ] }
            }
        },
        {
            "name": "Cube",
            "from": [ 14.0, 1.0, 2.0 ], 
            "to": [ 15.0, 3.0, 6.0 ], 
            "faces": {
                "north": { "texture": "#1", "uv": [ 0.0, 0.0, 1.0, 2.0 ] },
                "east": { "texture": "#1", "uv": [ 0.0, 0.0, 4.0, 2.0 ] },
                "south": { "texture": "#1", "uv": [ 0.0, 0.0, 1.0, 2.0 ] },
                "west": { "texture": "#1", "uv": [ 0.0, 0.0, 4.0, 2.0 ] },
                "up": { "texture": "#1", "uv": [ 0.0, 0.0, 1.0, 4.0 ] },
                "down": { "texture": "#1", "uv": [ 0.0, 0.0, 1.0, 4.0 ] }
            }
        },
        {
            "name": "Cube",
            "from": [ 14.0, 1.0, 10.0 ], 
            "to": [ 15.0, 3.0, 14.0 ], 
            "faces": {
                "north": { "texture": "#1", "uv": [ 0.0, 0.0, 1.0, 2.0 ] },
                "east": { "texture": "#1", "uv": [ 0.0, 0.0, 4.0, 2.0 ] },
                "south": { "texture": "#1", "uv": [ 0.0, 0.0, 1.0, 2.0 ] },
                "west": { "texture": "#1", "uv": [ 0.0, 0.0, 4.0, 2.0 ] },
                "up": { "texture": "#1", "uv": [ 0.0, 0.0, 1.0, 4.0 ] },
                "down": { "texture": "#1", "uv": [ 0.0, 0.0, 1.0, 4.0 ] }
            }
        },
        {
            "name": "Cube",
            "from": [ 3.0, 1.0, 6.0 ], 
            "to": [ 7.0, 4.0, 10.0 ], 
            "faces": {
                "north": { "texture": "#2", "uv": [ 0.0, 0.0, 4.0, 3.0 ] },
                "east": { "texture": "#2", "uv": [ 0.0, 0.0, 4.0, 3.0 ] },
                "south": { "texture": "#2", "uv": [ 0.0, 0.0, 4.0, 3.0 ] },
                "west": { "texture": "#2", "uv": [ 0.0, 0.0, 4.0, 3.0 ] },
                "up": { "texture": "#2", "uv": [ 0.0, 0.0, 4.0, 4.0 ] },
                "down": { "texture": "#2", "uv": [ 0.0, 0.0, 4.0, 4.0 ] }
            }
        },
        {
            "name": "Cube",
            "from": [ 9.0, 1.0, 6.0 ], 
            "to": [ 13.0, 4.0, 10.0 ], 
            "faces": {
                "north": { "texture": "#2", "uv": [ 0.0, 0.0, 4.0, 3.0 ] },
                "east": { "texture": "#2", "uv": [ 0.0, 0.0, 4.0, 3.0 ] },
                "south": { "texture": "#2", "uv": [ 0.0, 0.0, 4.0, 3.0 ] },
                "west": { "texture": "#2", "uv": [ 0.0, 0.0, 4.0, 3.0 ] },
                "up": { "texture": "#2", "uv": [ 0.0, 0.0, 4.0, 4.0 ] },
                "down": { "texture": "#2", "uv": [ 0.0, 0.0, 4.0, 4.0 ] }
            }
        },
        {
            "name": "Cube",
            "from": [ 6.0, 1.0, 10.0 ], 
            "to": [ 10.0, 4.0, 13.0 ], 
            "faces": {
                "north": { "texture": "#2", "uv": [ 0.0, 0.0, 4.0, 3.0 ] },
                "east": { "texture": "#2", "uv": [ 0.0, 0.0, 3.0, 3.0 ] },
                "south": { "texture": "#2", "uv": [ 0.0, 0.0, 4.0, 3.0 ] },
                "west": { "texture": "#2", "uv": [ 0.0, 0.0, 3.0, 3.0 ] },
                "up": { "texture": "#2", "uv": [ 0.0, 0.0, 4.0, 3.0 ] },
                "down": { "texture": "#2", "uv": [ 0.0, 0.0, 4.0, 3.0 ] }
            }
        },
        {
            "name": "Cube",
            "from": [ 6.0, 1.0, 3.0 ], 
            "to": [ 10.0, 4.0, 6.0 ], 
            "faces": {
                "north": { "texture": "#2", "uv": [ 0.0, 0.0, 4.0, 3.0 ] },
                "east": { "texture": "#2", "uv": [ 0.0, 0.0, 3.0, 3.0 ] },
                "south": { "texture": "#2", "uv": [ 0.0, 0.0, 4.0, 3.0 ] },
                "west": { "texture": "#2", "uv": [ 0.0, 0.0, 3.0, 3.0 ] },
                "up": { "texture": "#2", "uv": [ 0.0, 0.0, 4.0, 3.0 ] },
                "down": { "texture": "#2", "uv": [ 0.0, 0.0, 4.0, 3.0 ] }
            }
        },
        {
            "name": "Cube",
            "from": [ 4.0, 1.0, 4.0 ], 
            "to": [ 6.0, 4.0, 6.0 ], 
            "faces": {
                "north": { "texture": "#2", "uv": [ 0.0, 0.0, 2.0, 3.0 ] },
                "east": { "texture": "#2", "uv": [ 0.0, 0.0, 2.0, 3.0 ] },
                "south": { "texture": "#2", "uv": [ 0.0, 0.0, 2.0, 3.0 ] },
                "west": { "texture": "#2", "uv": [ 0.0, 0.0, 2.0, 3.0 ] },
                "up": { "texture": "#2", "uv": [ 0.0, 0.0, 2.0, 2.0 ] },
                "down": { "texture": "#2", "uv": [ 0.0, 0.0, 2.0, 2.0 ] }
            }
        },
        {
            "name": "Cube",
            "from": [ 10.0, 1.0, 4.0 ], 
            "to": [ 12.0, 4.0, 6.0 ], 
            "faces": {
                "north": { "texture": "#2", "uv": [ 0.0, 0.0, 2.0, 3.0 ] },
                "east": { "texture": "#2", "uv": [ 0.0, 0.0, 2.0, 3.0 ] },
                "south": { "texture": "#2", "uv": [ 0.0, 0.0, 2.0, 3.0 ] },
                "west": { "texture": "#2", "uv": [ 0.0, 0.0, 2.0, 3.0 ] },
                "up": { "texture": "#2", "uv": [ 0.0, 0.0, 2.0, 2.0 ] },
                "down": { "texture": "#2", "uv": [ 0.0, 0.0, 2.0, 2.0 ] }
            }
        },
        {
            "name": "Cube",
            "from": [ 4.0, 1.0, 10.0 ], 
            "to": [ 6.0, 4.0, 12.0 ], 
            "faces": {
                "north": { "texture": "#2", "uv": [ 0.0, 0.0, 2.0, 3.0 ] },
                "east": { "texture": "#2", "uv": [ 0.0, 0.0, 2.0, 3.0 ] },
                "south": { "texture": "#2", "uv": [ 0.0, 0.0, 2.0, 3.0 ] },
                "west": { "texture": "#2", "uv": [ 0.0, 0.0, 2.0, 3.0 ] },
                "up": { "texture": "#2", "uv": [ 0.0, 0.0, 2.0, 2.0 ] },
                "down": { "texture": "#2", "uv": [ 0.0, 0.0, 2.0, 2.0 ] }
            }
        },
        {
            "name": "Cube",
            "from": [ 10.0, 1.0, 10.0 ], 
            "to": [ 12.0, 4.0, 12.0 ], 
            "faces": {
                "north": { "texture": "#2", "uv": [ 0.0, 0.0, 2.0, 3.0 ] },
                "east": { "texture": "#2", "uv": [ 0.0, 0.0, 2.0, 3.0 ] },
                "south": { "texture": "#2", "uv": [ 0.0, 0.0, 2.0, 3.0 ] },
                "west": { "texture": "#2", "uv": [ 0.0, 0.0, 2.0, 3.0 ] },
                "up": { "texture": "#2", "uv": [ 0.0, 0.0, 2.0, 2.0 ] },
                "down": { "texture": "#2", "uv": [ 0.0, 0.0, 2.0, 2.0 ] }
            }
        },
        {
            "name": "Cube",
            "from": [ 7.0, 1.0, 9.0 ], 
            "to": [ 9.0, 4.0, 10.0 ], 
            "faces": {
                "north": { "texture": "#2", "uv": [ 0.0, 0.0, 2.0, 3.0 ] },
                "east": { "texture": "#2", "uv": [ 0.0, 0.0, 1.0, 3.0 ] },
                "south": { "texture": "#2", "uv": [ 0.0, 0.0, 2.0, 3.0 ] },
                "west": { "texture": "#2", "uv": [ 0.0, 0.0, 1.0, 3.0 ] },
                "up": { "texture": "#2", "uv": [ 0.0, 0.0, 2.0, 1.0 ] },
                "down": { "texture": "#2", "uv": [ 0.0, 0.0, 2.0, 1.0 ] }
            }
        },
        {
            "name": "Cube",
            "from": [ 7.0, 1.0, 6.0 ], 
            "to": [ 9.0, 4.0, 7.0 ], 
            "faces": {
                "north": { "texture": "#2", "uv": [ 0.0, 0.0, 2.0, 3.0 ] },
                "east": { "texture": "#2", "uv": [ 0.0, 0.0, 1.0, 3.0 ] },
                "south": { "texture": "#2", "uv": [ 0.0, 0.0, 2.0, 3.0 ] },
                "west": { "texture": "#2", "uv": [ 0.0, 0.0, 1.0, 3.0 ] },
                "up": { "texture": "#2", "uv": [ 0.0, 0.0, 2.0, 1.0 ] },
                "down": { "texture": "#2", "uv": [ 0.0, 0.0, 2.0, 1.0 ] }
            }
        },
        {
            "name": "Cube",
            "from": [ 2.0, 1.0, 14.0 ], 
            "to": [ 6.0, 3.0, 15.0 ], 
            "faces": {
                "north": { "texture": "#1", "uv": [ 0.0, 0.0, 4.0, 2.0 ] },
                "east": { "texture": "#1", "uv": [ 0.0, 0.0, 1.0, 2.0 ] },
                "south": { "texture": "#1", "uv": [ 0.0, 0.0, 4.0, 2.0 ] },
                "west": { "texture": "#1", "uv": [ 0.0, 0.0, 1.0, 2.0 ] },
                "up": { "texture": "#1", "uv": [ 0.0, 0.0, 4.0, 1.0 ] },
                "down": { "texture": "#1", "uv": [ 0.0, 0.0, 4.0, 1.0 ] }
            }
        }
    ]
}