{
  "variants": {
    "age=0": {
      "model": "minecraft:block/chorus_flower",
      "y": 0
    },
    "age=1": {
      "model": "minecraft:block/chorus_flower",
      "y": 90
    },
    "age=2": {
      "model": "minecraft:block/chorus_flower",
      "y": 180
    },
    "age=3": {
      "model": "minecraft:block/chorus_flower",
      "y": -90
    },
    "age=4": {
      "model": "minecraft:block/chorus_flower"
    },
    "age=5": {
      "model": "minecraft:block/chorus_flower_dead"
    }
  }
}