{
	"parent": "templates/hat",
	"textures": {
		"1": "block/black_terracotta",
		"3": "block/black_concrete",
		"particle": "block/black_terracotta",
		"g": "block/gold_block"
	},
	"elements": [
		{
			"from": [7, 9, 0],
			"to": [9, 10, 1],
			"faces": {
				"north": {"uv": [0, 0, 2, 1], "texture": "#g"},
				"east": {"uv": [0, 0, 1, 1], "texture": "#g"},
				"south": {"uv": [0, 0, 2, 1], "texture": "#g"},
				"west": {"uv": [0, 0, 1, 1], "texture": "#g"},
				"up": {"uv": [0, 0, 2, 1], "texture": "#g"},
				"down": {"uv": [0, 0, 2, 1], "texture": "#g"}
			}
		},
		{
			"from": [0, 9, 13],
			"to": [1, 10, 14],
			"faces": {
				"north": {"uv": [0, 0, 1, 1], "texture": "#g"},
				"east": {"uv": [0, 0, 1, 1], "texture": "#g"},
				"south": {"uv": [0, 0, 1, 1], "texture": "#g"},
				"west": {"uv": [0, 0, 1, 1], "texture": "#g"},
				"up": {"uv": [0, 0, 1, 1], "texture": "#g"},
				"down": {"uv": [0, 0, 1, 1], "texture": "#g"}
			}
		},
		{
			"from": [15, 9, 13],
			"to": [16, 10, 14],
			"faces": {
				"north": {"uv": [0, 0, 1, 1], "texture": "#g"},
				"east": {"uv": [0, 0, 1, 1], "texture": "#g"},
				"south": {"uv": [0, 0, 1, 1], "texture": "#g"},
				"west": {"uv": [0, 0, 1, 1], "texture": "#g"},
				"up": {"uv": [0, 0, 1, 1], "texture": "#g"},
				"down": {"uv": [0, 0, 1, 1], "texture": "#g"}
			}
		},
		{
			"from": [6, 12, 11],
			"to": [10, 13, 12],
			"faces": {
				"north": {"uv": [0, 0, 4, 1], "texture": "#g"},
				"east": {"uv": [0, 0, 1, 1], "texture": "#g"},
				"south": {"uv": [0, 0, 4, 1], "texture": "#g"},
				"west": {"uv": [0, 0, 1, 1], "texture": "#g"},
				"up": {"uv": [0, 0, 4, 1], "texture": "#g"},
				"down": {"uv": [0, 0, 4, 1], "texture": "#g"}
			}
		},
		{
			"from": [10, 11, 12],
			"to": [13, 12, 13],
			"faces": {
				"north": {"uv": [0, 0, 3, 1], "texture": "#g"},
				"east": {"uv": [0, 0, 1, 1], "texture": "#g"},
				"south": {"uv": [0, 0, 3, 1], "texture": "#g"},
				"west": {"uv": [0, 0, 1, 1], "texture": "#g"},
				"up": {"uv": [0, 0, 3, 1], "texture": "#g"},
				"down": {"uv": [0, 0, 3, 1], "texture": "#g"}
			}
		},
		{
			"from": [3, 11, 12],
			"to": [6, 12, 13],
			"faces": {
				"north": {"uv": [0, 0, 3, 1], "texture": "#g"},
				"east": {"uv": [0, 0, 1, 1], "texture": "#g"},
				"south": {"uv": [0, 0, 3, 1], "texture": "#g"},
				"west": {"uv": [0, 0, 1, 1], "texture": "#g"},
				"up": {"uv": [0, 0, 3, 1], "texture": "#g"},
				"down": {"uv": [0, 0, 3, 1], "texture": "#g"}
			}
		},
		{
			"from": [13, 10, 13],
			"to": [15, 11, 14],
			"faces": {
				"north": {"uv": [0, 0, 2, 1], "texture": "#g"},
				"east": {"uv": [0, 0, 1, 1], "texture": "#g"},
				"south": {"uv": [0, 0, 2, 1], "texture": "#g"},
				"west": {"uv": [0, 0, 1, 1], "texture": "#g"},
				"up": {"uv": [0, 0, 2, 1], "texture": "#g"},
				"down": {"uv": [0, 0, 2, 1], "texture": "#g"}
			}
		},
		{
			"from": [0, 10, 11],
			"to": [1, 11, 13],
			"faces": {
				"north": {"uv": [0, 0, 1, 1], "texture": "#g"},
				"east": {"uv": [0, 0, 2, 1], "texture": "#g"},
				"south": {"uv": [0, 0, 1, 1], "texture": "#g"},
				"west": {"uv": [0, 0, 2, 1], "texture": "#g"},
				"up": {"uv": [0, 0, 1, 2], "texture": "#g"},
				"down": {"uv": [0, 0, 1, 2], "texture": "#g"}
			}
		},
		{
			"from": [1, 11, 9],
			"to": [2, 12, 11],
			"faces": {
				"north": {"uv": [0, 0, 1, 1], "texture": "#g"},
				"east": {"uv": [0, 0, 2, 1], "texture": "#g"},
				"south": {"uv": [0, 0, 1, 1], "texture": "#g"},
				"west": {"uv": [0, 0, 2, 1], "texture": "#g"},
				"up": {"uv": [0, 0, 1, 2], "texture": "#g"},
				"down": {"uv": [0, 0, 1, 2], "texture": "#g"}
			}
		},
		{
			"from": [14, 11, 9],
			"to": [15, 12, 11],
			"faces": {
				"north": {"uv": [0, 0, 1, 1], "texture": "#g"},
				"east": {"uv": [0, 0, 2, 1], "texture": "#g"},
				"south": {"uv": [0, 0, 1, 1], "texture": "#g"},
				"west": {"uv": [0, 0, 2, 1], "texture": "#g"},
				"up": {"uv": [0, 0, 1, 2], "texture": "#g"},
				"down": {"uv": [0, 0, 1, 2], "texture": "#g"}
			}
		},
		{
			"from": [13, 12, 7],
			"to": [14, 13, 9],
			"faces": {
				"north": {"uv": [0, 0, 1, 1], "texture": "#g"},
				"east": {"uv": [0, 0, 2, 1], "texture": "#g"},
				"south": {"uv": [0, 0, 1, 1], "texture": "#g"},
				"west": {"uv": [0, 0, 2, 1], "texture": "#g"},
				"up": {"uv": [0, 0, 1, 2], "texture": "#g"},
				"down": {"uv": [0, 0, 1, 2], "texture": "#g"}
			}
		},
		{
			"from": [2, 12, 7],
			"to": [3, 13, 9],
			"faces": {
				"north": {"uv": [0, 0, 1, 1], "texture": "#g"},
				"east": {"uv": [0, 0, 2, 1], "texture": "#g"},
				"south": {"uv": [0, 0, 1, 1], "texture": "#g"},
				"west": {"uv": [0, 0, 2, 1], "texture": "#g"},
				"up": {"uv": [0, 0, 1, 2], "texture": "#g"},
				"down": {"uv": [0, 0, 1, 2], "texture": "#g"}
			}
		},
		{
			"from": [3, 12, 5],
			"to": [4, 13, 7],
			"faces": {
				"north": {"uv": [0, 0, 1, 1], "texture": "#g"},
				"east": {"uv": [0, 0, 2, 1], "texture": "#g"},
				"south": {"uv": [0, 0, 1, 1], "texture": "#g"},
				"west": {"uv": [0, 0, 2, 1], "texture": "#g"},
				"up": {"uv": [0, 0, 1, 2], "texture": "#g"},
				"down": {"uv": [0, 0, 1, 2], "texture": "#g"}
			}
		},
		{
			"from": [11, 12, 4],
			"to": [12, 13, 5],
			"faces": {
				"north": {"uv": [0, 0, 1, 1], "texture": "#g"},
				"east": {"uv": [0, 0, 1, 1], "texture": "#g"},
				"south": {"uv": [0, 0, 1, 1], "texture": "#g"},
				"west": {"uv": [0, 0, 1, 1], "texture": "#g"},
				"up": {"uv": [0, 0, 1, 1], "texture": "#g"},
				"down": {"uv": [0, 0, 1, 1], "texture": "#g"}
			}
		},
		{
			"from": [4, 12, 4],
			"to": [5, 13, 5],
			"faces": {
				"north": {"uv": [0, 0, 1, 1], "texture": "#g"},
				"east": {"uv": [0, 0, 1, 1], "texture": "#g"},
				"south": {"uv": [0, 0, 1, 1], "texture": "#g"},
				"west": {"uv": [0, 0, 1, 1], "texture": "#g"},
				"up": {"uv": [0, 0, 1, 1], "texture": "#g"},
				"down": {"uv": [0, 0, 1, 1], "texture": "#g"}
			}
		},
		{
			"from": [4, 11, 3],
			"to": [5, 12, 4],
			"faces": {
				"north": {"uv": [0, 0, 1, 1], "texture": "#g"},
				"east": {"uv": [0, 0, 1, 1], "texture": "#g"},
				"south": {"uv": [0, 0, 1, 1], "texture": "#g"},
				"west": {"uv": [0, 0, 1, 1], "texture": "#g"},
				"up": {"uv": [0, 0, 1, 1], "texture": "#g"},
				"down": {"uv": [0, 0, 1, 1], "texture": "#g"}
			}
		},
		{
			"from": [11, 11, 3],
			"to": [12, 12, 4],
			"faces": {
				"north": {"uv": [0, 0, 1, 1], "texture": "#g"},
				"east": {"uv": [0, 0, 1, 1], "texture": "#g"},
				"south": {"uv": [0, 0, 1, 1], "texture": "#g"},
				"west": {"uv": [0, 0, 1, 1], "texture": "#g"},
				"up": {"uv": [0, 0, 1, 1], "texture": "#g"},
				"down": {"uv": [0, 0, 1, 1], "texture": "#g"}
			}
		},
		{
			"from": [10, 10, 2],
			"to": [11, 11, 3],
			"faces": {
				"north": {"uv": [0, 0, 1, 1], "texture": "#g"},
				"east": {"uv": [0, 0, 1, 1], "texture": "#g"},
				"south": {"uv": [0, 0, 1, 1], "texture": "#g"},
				"west": {"uv": [0, 0, 1, 1], "texture": "#g"},
				"up": {"uv": [0, 0, 1, 1], "texture": "#g"},
				"down": {"uv": [0, 0, 1, 1], "texture": "#g"}
			}
		},
		{
			"from": [5, 10, 2],
			"to": [6, 11, 3],
			"faces": {
				"north": {"uv": [0, 0, 1, 1], "texture": "#g"},
				"east": {"uv": [0, 0, 1, 1], "texture": "#g"},
				"south": {"uv": [0, 0, 1, 1], "texture": "#g"},
				"west": {"uv": [0, 0, 1, 1], "texture": "#g"},
				"up": {"uv": [0, 0, 1, 1], "texture": "#g"},
				"down": {"uv": [0, 0, 1, 1], "texture": "#g"}
			}
		},
		{
			"from": [6, 10, 1],
			"to": [7, 11, 2],
			"faces": {
				"north": {"uv": [0, 0, 1, 1], "texture": "#g"},
				"east": {"uv": [0, 0, 1, 1], "texture": "#g"},
				"south": {"uv": [0, 0, 1, 1], "texture": "#g"},
				"west": {"uv": [0, 0, 1, 1], "texture": "#g"},
				"up": {"uv": [0, 0, 1, 1], "texture": "#g"},
				"down": {"uv": [0, 0, 1, 1], "texture": "#g"}
			}
		},
		{
			"from": [9, 10, 1],
			"to": [10, 11, 2],
			"faces": {
				"north": {"uv": [0, 0, 1, 1], "texture": "#g"},
				"east": {"uv": [0, 0, 1, 1], "texture": "#g"},
				"south": {"uv": [0, 0, 1, 1], "texture": "#g"},
				"west": {"uv": [0, 0, 1, 1], "texture": "#g"},
				"up": {"uv": [0, 0, 1, 1], "texture": "#g"},
				"down": {"uv": [0, 0, 1, 1], "texture": "#g"}
			}
		},
		{
			"from": [12, 12, 5],
			"to": [13, 13, 7],
			"faces": {
				"north": {"uv": [0, 0, 1, 1], "texture": "#g"},
				"east": {"uv": [0, 0, 2, 1], "texture": "#g"},
				"south": {"uv": [0, 0, 1, 1], "texture": "#g"},
				"west": {"uv": [0, 0, 2, 1], "texture": "#g"},
				"up": {"uv": [0, 0, 1, 2], "texture": "#g"},
				"down": {"uv": [0, 0, 1, 2], "texture": "#g"}
			}
		},
		{
			"from": [15, 10, 11],
			"to": [16, 11, 13],
			"faces": {
				"north": {"uv": [0, 0, 1, 1], "texture": "#g"},
				"east": {"uv": [0, 0, 2, 1], "texture": "#g"},
				"south": {"uv": [0, 0, 1, 1], "texture": "#g"},
				"west": {"uv": [0, 0, 2, 1], "texture": "#g"},
				"up": {"uv": [0, 0, 1, 2], "texture": "#g"},
				"down": {"uv": [0, 0, 1, 2], "texture": "#g"}
			}
		},
		{
			"from": [1, 10, 13],
			"to": [3, 11, 14],
			"faces": {
				"north": {"uv": [0, 0, 2, 1], "texture": "#g"},
				"east": {"uv": [0, 0, 1, 1], "texture": "#g"},
				"south": {"uv": [0, 0, 2, 1], "texture": "#g"},
				"west": {"uv": [0, 0, 1, 1], "texture": "#g"},
				"up": {"uv": [0, 0, 2, 1], "texture": "#g"},
				"down": {"uv": [0, 0, 2, 1], "texture": "#g"}
			}
		},
		{
			"from": [4, 8, 4],
			"to": [12, 9, 12],
			"faces": {
				"north": {"uv": [0, 0, 8, 1], "texture": "#1"},
				"east": {"uv": [0, 0, 8, 1], "texture": "#1"},
				"south": {"uv": [0, 0, 8, 1], "texture": "#1"},
				"west": {"uv": [0, 0, 8, 1], "texture": "#1"},
				"up": {"uv": [0, 0, 8, 8], "texture": "#1"},
				"down": {"uv": [0, 0, 8, 8], "texture": "#1"}
			}
		},
		{
			"from": [6, 8, 1],
			"to": [10, 9, 4],
			"faces": {
				"north": {"uv": [0, 0, 4, 1], "texture": "#1"},
				"east": {"uv": [0, 0, 3, 1], "texture": "#1"},
				"south": {"uv": [0, 0, 4, 1], "texture": "#1"},
				"west": {"uv": [0, 0, 3, 1], "texture": "#1"},
				"up": {"uv": [0, 0, 4, 3], "texture": "#1"},
				"down": {"uv": [0, 0, 4, 3], "texture": "#1"}
			}
		},
		{
			"from": [1, 8, 10],
			"to": [4, 9, 13],
			"faces": {
				"north": {"uv": [0, 0, 3, 1], "texture": "#1"},
				"east": {"uv": [0, 0, 3, 1], "texture": "#1"},
				"south": {"uv": [0, 0, 3, 1], "texture": "#1"},
				"west": {"uv": [0, 0, 3, 1], "texture": "#1"},
				"up": {"uv": [0, 0, 3, 3], "texture": "#1"},
				"down": {"uv": [0, 0, 3, 3], "texture": "#1"}
			}
		},
		{
			"from": [12, 8, 10],
			"to": [15, 9, 13],
			"faces": {
				"north": {"uv": [0, 0, 3, 1], "texture": "#1"},
				"east": {"uv": [0, 0, 3, 1], "texture": "#1"},
				"south": {"uv": [0, 0, 3, 1], "texture": "#1"},
				"west": {"uv": [0, 0, 3, 1], "texture": "#1"},
				"up": {"uv": [0, 0, 3, 3], "texture": "#1"},
				"down": {"uv": [0, 0, 3, 3], "texture": "#1"}
			}
		},
		{
			"from": [12, 8, 7],
			"to": [13, 9, 10],
			"faces": {
				"north": {"uv": [0, 0, 1, 1], "texture": "#1"},
				"east": {"uv": [0, 0, 3, 1], "texture": "#1"},
				"south": {"uv": [0, 0, 1, 1], "texture": "#1"},
				"west": {"uv": [0, 0, 3, 1], "texture": "#1"},
				"up": {"uv": [0, 0, 1, 3], "texture": "#1"},
				"down": {"uv": [0, 0, 1, 3], "texture": "#1"}
			}
		},
		{
			"from": [3, 8, 7],
			"to": [4, 9, 10],
			"faces": {
				"north": {"uv": [0, 0, 1, 1], "texture": "#1"},
				"east": {"uv": [0, 0, 3, 1], "texture": "#1"},
				"south": {"uv": [0, 0, 1, 1], "texture": "#1"},
				"west": {"uv": [0, 0, 3, 1], "texture": "#1"},
				"up": {"uv": [0, 0, 1, 3], "texture": "#1"},
				"down": {"uv": [0, 0, 1, 3], "texture": "#1"}
			}
		},
		{
			"from": [2, 8, 9],
			"to": [3, 9, 10],
			"faces": {
				"north": {"uv": [0, 0, 1, 1], "texture": "#1"},
				"east": {"uv": [0, 0, 1, 1], "texture": "#1"},
				"south": {"uv": [0, 0, 1, 1], "texture": "#1"},
				"west": {"uv": [0, 0, 1, 1], "texture": "#1"},
				"up": {"uv": [0, 0, 1, 1], "texture": "#1"},
				"down": {"uv": [0, 0, 1, 1], "texture": "#1"}
			}
		},
		{
			"from": [13, 8, 9],
			"to": [14, 9, 10],
			"faces": {
				"north": {"uv": [0, 0, 1, 1], "texture": "#1"},
				"east": {"uv": [0, 0, 1, 1], "texture": "#1"},
				"south": {"uv": [0, 0, 1, 1], "texture": "#1"},
				"west": {"uv": [0, 0, 1, 1], "texture": "#1"},
				"up": {"uv": [0, 0, 1, 1], "texture": "#1"},
				"down": {"uv": [0, 0, 1, 1], "texture": "#1"}
			}
		},
		{
			"from": [10, 8, 3],
			"to": [11, 9, 4],
			"faces": {
				"north": {"uv": [0, 0, 1, 1], "texture": "#1"},
				"east": {"uv": [0, 0, 1, 1], "texture": "#1"},
				"south": {"uv": [0, 0, 1, 1], "texture": "#1"},
				"west": {"uv": [0, 0, 1, 1], "texture": "#1"},
				"up": {"uv": [0, 0, 1, 1], "texture": "#1"},
				"down": {"uv": [0, 0, 1, 1], "texture": "#1"}
			}
		},
		{
			"from": [5, 8, 3],
			"to": [6, 9, 4],
			"faces": {
				"north": {"uv": [0, 0, 1, 1], "texture": "#1"},
				"east": {"uv": [0, 0, 1, 1], "texture": "#1"},
				"south": {"uv": [0, 0, 1, 1], "texture": "#1"},
				"west": {"uv": [0, 0, 1, 1], "texture": "#1"},
				"up": {"uv": [0, 0, 1, 1], "texture": "#1"},
				"down": {"uv": [0, 0, 1, 1], "texture": "#1"}
			}
		},
		{
			"from": [3, 9, 12],
			"to": [5, 10, 13],
			"faces": {
				"north": {"uv": [0, 0, 2, 1], "texture": "#1"},
				"east": {"uv": [0, 0, 1, 1], "texture": "#1"},
				"south": {"uv": [0, 0, 2, 1], "texture": "#1"},
				"west": {"uv": [0, 0, 1, 1], "texture": "#1"},
				"up": {"uv": [0, 0, 2, 1], "texture": "#1"},
				"down": {"uv": [0, 0, 2, 1], "texture": "#1"}
			}
		},
		{
			"from": [3, 10, 12],
			"to": [6, 11, 13],
			"faces": {
				"north": {"uv": [0, 0, 3, 1], "texture": "#1"},
				"east": {"uv": [0, 0, 1, 1], "texture": "#1"},
				"south": {"uv": [0, 0, 3, 1], "texture": "#1"},
				"west": {"uv": [0, 0, 1, 1], "texture": "#1"},
				"up": {"uv": [0, 0, 3, 1], "texture": "#1"},
				"down": {"uv": [0, 0, 3, 1], "texture": "#1"}
			}
		},
		{
			"from": [10, 10, 12],
			"to": [13, 11, 13],
			"faces": {
				"north": {"uv": [0, 0, 3, 1], "texture": "#1"},
				"east": {"uv": [0, 0, 1, 1], "texture": "#1"},
				"south": {"uv": [0, 0, 3, 1], "texture": "#1"},
				"west": {"uv": [0, 0, 1, 1], "texture": "#1"},
				"up": {"uv": [0, 0, 3, 1], "texture": "#1"},
				"down": {"uv": [0, 0, 3, 1], "texture": "#1"}
			}
		},
		{
			"from": [5, 9, 11],
			"to": [11, 11, 12],
			"faces": {
				"north": {"uv": [0, 0, 6, 2], "texture": "#1"},
				"east": {"uv": [0, 0, 1, 2], "texture": "#1"},
				"south": {"uv": [0, 0, 6, 2], "texture": "#1"},
				"west": {"uv": [0, 0, 1, 2], "texture": "#1"},
				"up": {"uv": [0, 0, 6, 1], "texture": "#1"},
				"down": {"uv": [0, 0, 6, 1], "texture": "#1"}
			}
		},
		{
			"from": [6, 11, 11],
			"to": [10, 12, 12],
			"faces": {
				"north": {"uv": [0, 0, 4, 1], "texture": "#1"},
				"east": {"uv": [0, 0, 1, 1], "texture": "#1"},
				"south": {"uv": [0, 0, 4, 1], "texture": "#1"},
				"west": {"uv": [0, 0, 1, 1], "texture": "#1"},
				"up": {"uv": [0, 0, 4, 1], "texture": "#1"},
				"down": {"uv": [0, 0, 4, 1], "texture": "#1"}
			}
		},
		{
			"from": [11, 9, 12],
			"to": [13, 10, 13],
			"faces": {
				"north": {"uv": [0, 0, 2, 1], "texture": "#1"},
				"east": {"uv": [0, 0, 1, 1], "texture": "#1"},
				"south": {"uv": [0, 0, 2, 1], "texture": "#1"},
				"west": {"uv": [0, 0, 1, 1], "texture": "#1"},
				"up": {"uv": [0, 0, 2, 1], "texture": "#1"},
				"down": {"uv": [0, 0, 2, 1], "texture": "#1"}
			}
		},
		{
			"from": [13, 9, 13],
			"to": [15, 10, 14],
			"faces": {
				"north": {"uv": [0, 0, 2, 1], "texture": "#1"},
				"east": {"uv": [0, 0, 1, 1], "texture": "#1"},
				"south": {"uv": [0, 0, 2, 1], "texture": "#1"},
				"west": {"uv": [0, 0, 1, 1], "texture": "#1"},
				"up": {"uv": [0, 0, 2, 1], "texture": "#1"},
				"down": {"uv": [0, 0, 2, 1], "texture": "#1"}
			}
		},
		{
			"from": [1, 9, 13],
			"to": [3, 10, 14],
			"faces": {
				"north": {"uv": [0, 0, 2, 1], "texture": "#1"},
				"east": {"uv": [0, 0, 1, 1], "texture": "#1"},
				"south": {"uv": [0, 0, 2, 1], "texture": "#1"},
				"west": {"uv": [0, 0, 1, 1], "texture": "#1"},
				"up": {"uv": [0, 0, 2, 1], "texture": "#1"},
				"down": {"uv": [0, 0, 2, 1], "texture": "#1"}
			}
		},
		{
			"from": [0, 9, 11],
			"to": [1, 10, 13],
			"faces": {
				"north": {"uv": [0, 0, 1, 1], "texture": "#1"},
				"east": {"uv": [0, 0, 2, 1], "texture": "#1"},
				"south": {"uv": [0, 0, 1, 1], "texture": "#1"},
				"west": {"uv": [0, 0, 2, 1], "texture": "#1"},
				"up": {"uv": [0, 0, 1, 2], "texture": "#1"},
				"down": {"uv": [0, 0, 1, 2], "texture": "#1"}
			}
		},
		{
			"from": [15, 9, 11],
			"to": [16, 10, 13],
			"faces": {
				"north": {"uv": [0, 0, 1, 1], "texture": "#1"},
				"east": {"uv": [0, 0, 2, 1], "texture": "#1"},
				"south": {"uv": [0, 0, 1, 1], "texture": "#1"},
				"west": {"uv": [0, 0, 2, 1], "texture": "#1"},
				"up": {"uv": [0, 0, 1, 2], "texture": "#1"},
				"down": {"uv": [0, 0, 1, 2], "texture": "#1"}
			}
		},
		{
			"from": [14, 9, 9],
			"to": [15, 11, 11],
			"faces": {
				"north": {"uv": [0, 0, 1, 2], "texture": "#1"},
				"east": {"uv": [0, 0, 2, 2], "texture": "#1"},
				"south": {"uv": [0, 0, 1, 2], "texture": "#1"},
				"west": {"uv": [0, 0, 2, 2], "texture": "#1"},
				"up": {"uv": [0, 0, 1, 2], "texture": "#1"},
				"down": {"uv": [0, 0, 1, 2], "texture": "#1"}
			}
		},
		{
			"from": [1, 9, 9],
			"to": [2, 11, 11],
			"faces": {
				"north": {"uv": [0, 0, 1, 2], "texture": "#1"},
				"east": {"uv": [0, 0, 2, 2], "texture": "#1"},
				"south": {"uv": [0, 0, 1, 2], "texture": "#1"},
				"west": {"uv": [0, 0, 2, 2], "texture": "#1"},
				"up": {"uv": [0, 0, 1, 2], "texture": "#1"},
				"down": {"uv": [0, 0, 1, 2], "texture": "#1"}
			}
		},
		{
			"from": [2, 9, 8],
			"to": [3, 10, 9],
			"faces": {
				"north": {"uv": [0, 0, 1, 1], "texture": "#1"},
				"east": {"uv": [0, 0, 1, 1], "texture": "#1"},
				"south": {"uv": [0, 0, 1, 1], "texture": "#1"},
				"west": {"uv": [0, 0, 1, 1], "texture": "#1"},
				"up": {"uv": [0, 0, 1, 1], "texture": "#1"},
				"down": {"uv": [0, 0, 1, 1], "texture": "#1"}
			}
		},
		{
			"from": [2, 10, 7],
			"to": [3, 12, 9],
			"faces": {
				"north": {"uv": [0, 0, 1, 2], "texture": "#1"},
				"east": {"uv": [0, 0, 2, 2], "texture": "#1"},
				"south": {"uv": [0, 0, 1, 2], "texture": "#1"},
				"west": {"uv": [0, 0, 2, 2], "texture": "#1"},
				"up": {"uv": [0, 0, 1, 2], "texture": "#1"},
				"down": {"uv": [0, 0, 1, 2], "texture": "#1"}
			}
		},
		{
			"from": [3, 10, 5],
			"to": [4, 12, 7],
			"faces": {
				"north": {"uv": [0, 0, 1, 2], "texture": "#1"},
				"east": {"uv": [0, 0, 2, 2], "texture": "#1"},
				"south": {"uv": [0, 0, 1, 2], "texture": "#1"},
				"west": {"uv": [0, 0, 2, 2], "texture": "#1"},
				"up": {"uv": [0, 0, 1, 2], "texture": "#1"},
				"down": {"uv": [0, 0, 1, 2], "texture": "#1"}
			}
		},
		{
			"from": [12, 10, 5],
			"to": [13, 12, 7],
			"faces": {
				"north": {"uv": [0, 0, 1, 2], "texture": "#1"},
				"east": {"uv": [0, 0, 2, 2], "texture": "#1"},
				"south": {"uv": [0, 0, 1, 2], "texture": "#1"},
				"west": {"uv": [0, 0, 2, 2], "texture": "#1"},
				"up": {"uv": [0, 0, 1, 2], "texture": "#1"},
				"down": {"uv": [0, 0, 1, 2], "texture": "#1"}
			}
		},
		{
			"from": [13, 10, 7],
			"to": [14, 12, 9],
			"faces": {
				"north": {"uv": [0, 0, 1, 2], "texture": "#1"},
				"east": {"uv": [0, 0, 2, 2], "texture": "#1"},
				"south": {"uv": [0, 0, 1, 2], "texture": "#1"},
				"west": {"uv": [0, 0, 2, 2], "texture": "#1"},
				"up": {"uv": [0, 0, 1, 2], "texture": "#1"},
				"down": {"uv": [0, 0, 1, 2], "texture": "#1"}
			}
		},
		{
			"from": [13, 9, 8],
			"to": [14, 10, 9],
			"faces": {
				"north": {"uv": [0, 0, 1, 1], "texture": "#1"},
				"east": {"uv": [0, 0, 1, 1], "texture": "#1"},
				"south": {"uv": [0, 0, 1, 1], "texture": "#1"},
				"west": {"uv": [0, 0, 1, 1], "texture": "#1"},
				"up": {"uv": [0, 0, 1, 1], "texture": "#1"},
				"down": {"uv": [0, 0, 1, 1], "texture": "#1"}
			}
		},
		{
			"from": [12, 9, 6],
			"to": [13, 10, 8],
			"faces": {
				"north": {"uv": [0, 0, 1, 1], "texture": "#1"},
				"east": {"uv": [0, 0, 2, 1], "texture": "#1"},
				"south": {"uv": [0, 0, 1, 1], "texture": "#1"},
				"west": {"uv": [0, 0, 2, 1], "texture": "#1"},
				"up": {"uv": [0, 0, 1, 2], "texture": "#1"},
				"down": {"uv": [0, 0, 1, 2], "texture": "#1"}
			}
		},
		{
			"from": [3, 9, 6],
			"to": [4, 10, 8],
			"faces": {
				"north": {"uv": [0, 0, 1, 1], "texture": "#1"},
				"east": {"uv": [0, 0, 2, 1], "texture": "#1"},
				"south": {"uv": [0, 0, 1, 1], "texture": "#1"},
				"west": {"uv": [0, 0, 2, 1], "texture": "#1"},
				"up": {"uv": [0, 0, 1, 2], "texture": "#1"},
				"down": {"uv": [0, 0, 1, 2], "texture": "#1"}
			}
		},
		{
			"from": [4, 9, 3],
			"to": [5, 10, 6],
			"faces": {
				"north": {"uv": [0, 0, 1, 1], "texture": "#1"},
				"east": {"uv": [0, 0, 3, 1], "texture": "#1"},
				"south": {"uv": [0, 0, 1, 1], "texture": "#1"},
				"west": {"uv": [0, 0, 3, 1], "texture": "#1"},
				"up": {"uv": [0, 0, 1, 3], "texture": "#1"},
				"down": {"uv": [0, 0, 1, 3], "texture": "#1"}
			}
		},
		{
			"from": [11, 9, 3],
			"to": [12, 10, 6],
			"faces": {
				"north": {"uv": [0, 0, 1, 1], "texture": "#1"},
				"east": {"uv": [0, 0, 3, 1], "texture": "#1"},
				"south": {"uv": [0, 0, 1, 1], "texture": "#1"},
				"west": {"uv": [0, 0, 3, 1], "texture": "#1"},
				"up": {"uv": [0, 0, 1, 3], "texture": "#1"},
				"down": {"uv": [0, 0, 1, 3], "texture": "#1"}
			}
		},
		{
			"from": [10, 9, 2],
			"to": [11, 10, 3],
			"faces": {
				"north": {"uv": [0, 0, 1, 1], "texture": "#1"},
				"east": {"uv": [0, 0, 1, 1], "texture": "#1"},
				"south": {"uv": [0, 0, 1, 1], "texture": "#1"},
				"west": {"uv": [0, 0, 1, 1], "texture": "#1"},
				"up": {"uv": [0, 0, 1, 1], "texture": "#1"},
				"down": {"uv": [0, 0, 1, 1], "texture": "#1"}
			}
		},
		{
			"from": [5, 9, 2],
			"to": [6, 10, 3],
			"faces": {
				"north": {"uv": [0, 0, 1, 1], "texture": "#1"},
				"east": {"uv": [0, 0, 1, 1], "texture": "#1"},
				"south": {"uv": [0, 0, 1, 1], "texture": "#1"},
				"west": {"uv": [0, 0, 1, 1], "texture": "#1"},
				"up": {"uv": [0, 0, 1, 1], "texture": "#1"},
				"down": {"uv": [0, 0, 1, 1], "texture": "#1"}
			}
		},
		{
			"from": [6, 9, 1],
			"to": [7, 10, 2],
			"faces": {
				"north": {"uv": [0, 0, 1, 1], "texture": "#1"},
				"east": {"uv": [0, 0, 1, 1], "texture": "#1"},
				"south": {"uv": [0, 0, 1, 1], "texture": "#1"},
				"west": {"uv": [0, 0, 1, 1], "texture": "#1"},
				"up": {"uv": [0, 0, 1, 1], "texture": "#1"},
				"down": {"uv": [0, 0, 1, 1], "texture": "#1"}
			}
		},
		{
			"from": [4, 10, 3],
			"to": [5, 11, 5],
			"faces": {
				"north": {"uv": [0, 0, 1, 1], "texture": "#1"},
				"east": {"uv": [0, 0, 2, 1], "texture": "#1"},
				"south": {"uv": [0, 0, 1, 1], "texture": "#1"},
				"west": {"uv": [0, 0, 2, 1], "texture": "#1"},
				"up": {"uv": [0, 0, 1, 2], "texture": "#1"},
				"down": {"uv": [0, 0, 1, 2], "texture": "#1"}
			}
		},
		{
			"from": [11, 10, 3],
			"to": [12, 11, 5],
			"faces": {
				"north": {"uv": [0, 0, 1, 1], "texture": "#1"},
				"east": {"uv": [0, 0, 2, 1], "texture": "#1"},
				"south": {"uv": [0, 0, 1, 1], "texture": "#1"},
				"west": {"uv": [0, 0, 2, 1], "texture": "#1"},
				"up": {"uv": [0, 0, 1, 2], "texture": "#1"},
				"down": {"uv": [0, 0, 1, 2], "texture": "#1"}
			}
		},
		{
			"from": [4, 11, 4],
			"to": [5, 12, 5],
			"faces": {
				"north": {"uv": [0, 0, 1, 1], "texture": "#1"},
				"east": {"uv": [0, 0, 1, 1], "texture": "#1"},
				"south": {"uv": [0, 0, 1, 1], "texture": "#1"},
				"west": {"uv": [0, 0, 1, 1], "texture": "#1"},
				"up": {"uv": [0, 0, 1, 1], "texture": "#1"},
				"down": {"uv": [0, 0, 1, 1], "texture": "#1"}
			}
		},
		{
			"from": [11, 11, 4],
			"to": [12, 12, 5],
			"faces": {
				"north": {"uv": [0, 0, 1, 1], "texture": "#1"},
				"east": {"uv": [0, 0, 1, 1], "texture": "#1"},
				"south": {"uv": [0, 0, 1, 1], "texture": "#1"},
				"west": {"uv": [0, 0, 1, 1], "texture": "#1"},
				"up": {"uv": [0, 0, 1, 1], "texture": "#1"},
				"down": {"uv": [0, 0, 1, 1], "texture": "#1"}
			}
		},
		{
			"from": [9, 9, 1],
			"to": [10, 10, 2],
			"faces": {
				"north": {"uv": [0, 0, 1, 1], "texture": "#1"},
				"east": {"uv": [0, 0, 1, 1], "texture": "#1"},
				"south": {"uv": [0, 0, 1, 1], "texture": "#1"},
				"west": {"uv": [0, 0, 1, 1], "texture": "#1"},
				"up": {"uv": [0, 0, 1, 1], "texture": "#1"},
				"down": {"uv": [0, 0, 1, 1], "texture": "#1"}
			}
		},
		{
			"from": [6, 9, 2],
			"to": [10, 11, 11],
			"faces": {
				"north": {"uv": [0, 0, 4, 2], "texture": "#3"},
				"east": {"uv": [0, 0, 9, 2], "texture": "#3"},
				"south": {"uv": [0, 0, 4, 2], "texture": "#3"},
				"west": {"uv": [0, 0, 9, 2], "texture": "#3"},
				"up": {"uv": [0, 0, 4, 9], "texture": "#3"},
				"down": {"uv": [0, 0, 4, 9], "texture": "#3"}
			}
		},
		{
			"from": [6, 11, 4],
			"to": [10, 12, 10],
			"faces": {
				"north": {"uv": [0, 0, 4, 1], "texture": "#3"},
				"east": {"uv": [0, 0, 6, 1], "texture": "#3"},
				"south": {"uv": [0, 0, 4, 1], "texture": "#3"},
				"west": {"uv": [0, 0, 6, 1], "texture": "#3"},
				"up": {"uv": [0, 0, 4, 6], "texture": "#3"},
				"down": {"uv": [0, 0, 4, 6], "texture": "#3"}
			}
		},
		{
			"from": [7, 11, 3],
			"to": [9, 12, 4],
			"faces": {
				"north": {"uv": [0, 0, 2, 1], "texture": "#3"},
				"east": {"uv": [0, 0, 1, 1], "texture": "#3"},
				"south": {"uv": [0, 0, 2, 1], "texture": "#3"},
				"west": {"uv": [0, 0, 1, 1], "texture": "#3"},
				"up": {"uv": [0, 0, 2, 1], "texture": "#3"},
				"down": {"uv": [0, 0, 2, 1], "texture": "#3"}
			}
		},
		{
			"from": [10, 9, 5],
			"to": [11, 11, 9],
			"faces": {
				"north": {"uv": [0, 0, 1, 2], "texture": "#3"},
				"east": {"uv": [0, 0, 4, 2], "texture": "#3"},
				"south": {"uv": [0, 0, 1, 2], "texture": "#3"},
				"west": {"uv": [0, 0, 4, 2], "texture": "#3"},
				"up": {"uv": [0, 0, 1, 4], "texture": "#3"},
				"down": {"uv": [0, 0, 1, 4], "texture": "#3"}
			}
		},
		{
			"from": [5, 9, 5],
			"to": [6, 11, 9],
			"faces": {
				"north": {"uv": [0, 0, 1, 2], "texture": "#3"},
				"east": {"uv": [0, 0, 4, 2], "texture": "#3"},
				"south": {"uv": [0, 0, 1, 2], "texture": "#3"},
				"west": {"uv": [0, 0, 4, 2], "texture": "#3"},
				"up": {"uv": [0, 0, 1, 4], "texture": "#3"},
				"down": {"uv": [0, 0, 1, 4], "texture": "#3"}
			}
		},
		{
			"from": [4, 9, 6],
			"to": [6, 10, 10],
			"faces": {
				"north": {"uv": [0, 0, 2, 1], "texture": "#3"},
				"east": {"uv": [0, 0, 4, 1], "texture": "#3"},
				"south": {"uv": [0, 0, 2, 1], "texture": "#3"},
				"west": {"uv": [0, 0, 4, 1], "texture": "#3"},
				"up": {"uv": [0, 0, 2, 4], "texture": "#3"},
				"down": {"uv": [0, 0, 2, 4], "texture": "#3"}
			}
		},
		{
			"from": [10, 9, 6],
			"to": [12, 10, 10],
			"faces": {
				"north": {"uv": [0, 0, 2, 1], "texture": "#3"},
				"east": {"uv": [0, 0, 4, 1], "texture": "#3"},
				"south": {"uv": [0, 0, 2, 1], "texture": "#3"},
				"west": {"uv": [0, 0, 4, 1], "texture": "#3"},
				"up": {"uv": [0, 0, 2, 4], "texture": "#3"},
				"down": {"uv": [0, 0, 2, 4], "texture": "#3"}
			}
		}
	],
	"display": {
		"head": {
			"translation": [0, 4.75, 0],
			"scale": [1.82, 1.82, 1.82]
		}
	},
	"groups": [
		{
			"name": "nauha",
			"origin": [8, 8, 8],
			"children": [0, 1, 2, 3, 4, 5, 6, 7, 8, 9, 10, 11, 12, 13, 14, 15, 16, 17, 18, 19, 20, 21, 22, 23]
		},
		{
			"name": "pohja",
			"origin": [8, 8, 8],
			"children": [24, 25, 26, 27, 28, 29, 30, 31, 32, 33, 34, 35, 36, 37, 38, 39, 40, 41, 42, 43, 44, 45, 46, 47, 48, 49, 50, 51, 52, 53, 54, 55, 56, 57]
		},
		{
			"name": "pohja2",
			"origin": [8, 8, 8],
			"children": [58, 59, 60, 61, 62, 63]
		},
		{
			"name": "center",
			"origin": [8, 8, 8],
			"children": [64, 65, 66, 67, 68, 69, 70]
		}
	]
}