{
	"parent": "templates/hat",
	"textures": {
		"1": "block/black_concrete",
		"2": "block/white_wool",
		"particle": "block/white_wool"
	},
	"elements": [
		{
			"from": [3, 8, 3],
			"to": [13, 9, 13],
			"faces": {
				"north": {"uv": [0, 0, 10, 1], "texture": "#1"},
				"east": {"uv": [0, 0, 10, 1], "texture": "#1"},
				"south": {"uv": [0, 0, 10, 1], "texture": "#1"},
				"west": {"uv": [0, 0, 10, 1], "texture": "#1"},
				"up": {"uv": [0, 0, 10, 10], "texture": "#1"},
				"down": {"uv": [0, 0, 10, 10], "texture": "#1"}
			}
		},
		{
			"from": [4, 9, 4],
			"to": [12, 15, 12],
			"faces": {
				"north": {"uv": [0, 0, 8, 6], "texture": "#1"},
				"east": {"uv": [0, 0, 8, 6], "texture": "#1"},
				"south": {"uv": [0, 0, 8, 6], "texture": "#1"},
				"west": {"uv": [0, 0, 8, 6], "texture": "#1"},
				"up": {"uv": [0, 0, 8, 8], "texture": "#1"},
				"down": {"uv": [0, 0, 8, 8], "texture": "#missing"}
			}
		},
		{
			"from": [10.47654, 9, 5.28478],
			"to": [11.87654, 10.3, 7.28478],
			"rotation": {"angle": -22.5, "axis": "y", "origin": [8, 8, 8]},
			"faces": {
				"north": {"uv": [0, 0, 1.4, 1.3], "texture": "#2"},
				"east": {"uv": [0, 0, 2, 1.3], "texture": "#2"},
				"south": {"uv": [0, 0, 1.4, 1.3], "texture": "#2"},
				"west": {"uv": [0, 0, 2, 1.3], "texture": "#2"},
				"up": {"uv": [0, 0, 1.4, 2], "texture": "#2"},
				"down": {"uv": [0, 0, 1.4, 2], "texture": "#2"}
			}
		},
		{
			"from": [10.51481, 9, 8.72284],
			"to": [11.91481, 10.3, 10.72284],
			"rotation": {"angle": 22.5, "axis": "y", "origin": [8, 8, 8]},
			"faces": {
				"north": {"uv": [0, 0, 1.4, 1.3], "texture": "#2"},
				"east": {"uv": [0, 0, 2, 1.3], "texture": "#2"},
				"south": {"uv": [0, 0, 1.4, 1.3], "texture": "#2"},
				"west": {"uv": [0, 0, 2, 1.3], "texture": "#2"},
				"up": {"uv": [0, 0, 1.4, 2], "texture": "#2"},
				"down": {"uv": [0, 0, 1.4, 2], "texture": "#2"}
			}
		},
		{
			"name": "nauha",
			"from": [3.8, 9, 3.8],
			"to": [12.2, 10, 12.2],
			"faces": {
				"north": {"uv": [0, 0, 8.4, 1], "texture": "#2"},
				"east": {"uv": [0, 0, 8.4, 1], "texture": "#2"},
				"south": {"uv": [0, 0, 8.4, 1], "texture": "#2"},
				"west": {"uv": [0, 0, 8.4, 1], "texture": "#2"},
				"up": {"uv": [0, 0, 8.4, 8.4], "texture": "#2"},
				"down": {"uv": [0, 0, 8.4, 8.4], "texture": "#2"}
			}
		}
	],
	"display": {
		"head": {
			"translation": [0, 5.5, 0],
			"scale": [1.65, 1.65, 1.65]
		}
	},
	"groups": [0, 1,
		{
			"name": "nauha",
			"origin": [8, 8, 8],
			"children": [2, 3, 4]
		}
	]
}