{
	"credit": "by M14Pixels",
	"textures": {
		"0": "item/potion",
		"particle": "item/potion"
	},
	"elements": [
		{
			"name": "potion",
			"from": [3, 8, 4],
			"to": [4, 9, 12],
			"rotation": {"angle": 0, "axis": "y", "origin": [2, 15, 7]},
			"faces": {
				"north": {"uv": [0, 0, 1, 1], "texture": "#missing"},
				"east": {"uv": [0.25, 7, 2.25, 7.249], "texture": "#0"},
				"south": {"uv": [0, 0, 1, 1], "texture": "#missing"},
				"west": {"uv": [0.25, 7, 2.249, 7.249], "texture": "#0"},
				"up": {"uv": [2.25, 4.75, 2.5, 6.75], "texture": "#0"},
				"down": {"uv": [0.25, 7, 2.25, 7.25], "texture": "#0"}
			}
		},
		{
			"name": "potion",
			"from": [3, 0, 4],
			"to": [4, 1, 12],
			"rotation": {"angle": 0, "axis": "y", "origin": [2, 7, 7]},
			"faces": {
				"north": {"uv": [0, 0, 1, 1], "texture": "#missing"},
				"east": {"uv": [0.25, 9, 2.25, 9.25], "texture": "#0"},
				"south": {"uv": [0, 0, 1, 1], "texture": "#missing"},
				"west": {"uv": [0.25, 9, 2.249, 9.249], "texture": "#0"},
				"up": {"uv": [2.25, 4.75, 2.5, 6.75], "texture": "#0"},
				"down": {"uv": [0.25, 9, 2.25, 9.25], "texture": "#0"}
			}
		},
		{
			"name": "potion",
			"from": [4, 8, 3],
			"to": [12, 9, 4],
			"rotation": {"angle": 0, "axis": "y", "origin": [2, 16, 1]},
			"faces": {
				"north": {"uv": [0.25, 7, 2.249, 7.249], "texture": "#0"},
				"east": {"uv": [0, 0, 1, 1], "texture": "#missing"},
				"south": {"uv": [0.25, 7, 2.25, 7.249], "texture": "#0"},
				"west": {"uv": [0, 0, 1, 1], "texture": "#missing"},
				"up": {"uv": [0.25, 6.749, 2.25, 6.999], "texture": "#0"},
				"down": {"uv": [0.25, 7, 2.25, 7.25], "texture": "#0"}
			}
		},
		{
			"name": "potion",
			"from": [4, 0, 3],
			"to": [12, 1, 4],
			"rotation": {"angle": 0, "axis": "y", "origin": [2, 8, 1]},
			"faces": {
				"north": {"uv": [0.25, 9, 2.249, 9.249], "texture": "#0"},
				"east": {"uv": [0, 0, 1, 1], "texture": "#missing"},
				"south": {"uv": [0.25, 9, 2.25, 9.25], "texture": "#0"},
				"west": {"uv": [0, 0, 1, 1], "texture": "#missing"},
				"up": {"uv": [0.25, 6.749, 2.25, 6.999], "texture": "#0"},
				"down": {"uv": [0.25, 9, 2.25, 9.25], "texture": "#0"}
			}
		},
		{
			"name": "potion",
			"from": [4, 8, 12],
			"to": [12, 9, 13],
			"rotation": {"angle": 0, "axis": "y", "origin": [2, 15, 7]},
			"faces": {
				"north": {"uv": [0.25, 7, 2.25, 7.25], "texture": "#0"},
				"east": {"uv": [0, 0, 1, 1], "texture": "#missing"},
				"south": {"uv": [0.25, 7, 2.249, 7.249], "texture": "#0"},
				"west": {"uv": [0, 0, 1, 1], "texture": "#missing"},
				"up": {"uv": [0.25, 4.5, 2.25, 4.75], "texture": "#0"},
				"down": {"uv": [0.25, 7, 2.25, 7.25], "texture": "#0"}
			}
		},
		{
			"name": "potion",
			"from": [4, 0, 12],
			"to": [12, 1, 13],
			"rotation": {"angle": 0, "axis": "y", "origin": [2, 7, 7]},
			"faces": {
				"north": {"uv": [0.25, 9, 2.25, 9.25], "texture": "#0"},
				"east": {"uv": [0, 0, 1, 1], "texture": "#missing"},
				"south": {"uv": [0.25, 9, 2.249, 9.249], "texture": "#0"},
				"west": {"uv": [0, 0, 1, 1], "texture": "#missing"},
				"up": {"uv": [0.25, 4.5, 2.25, 4.75], "texture": "#0"},
				"down": {"uv": [0.25, 9, 2.25, 9.25], "texture": "#0"}
			}
		},
		{
			"name": "potion",
			"from": [12, 0, 3],
			"to": [13, 9, 4],
			"rotation": {"angle": 0, "axis": "y", "origin": [9, 8, 7]},
			"faces": {
				"north": {"uv": [0, 7, 0.249, 9.25], "texture": "#0"},
				"east": {"uv": [2.25, 7, 2.499, 9.25], "texture": "#0"},
				"south": {"uv": [2.25, 7.25, 2.5, 8.999], "texture": "#0"},
				"west": {"uv": [0, 7.25, 0.25, 8.999], "texture": "#0"},
				"up": {"uv": [0, 6.75, 0.25, 7], "texture": "#0"},
				"down": {"uv": [0, 8.999, 0.25, 9.249], "texture": "#0"}
			}
		},
		{
			"name": "potion",
			"from": [3, 0, 3],
			"to": [4, 9, 4],
			"rotation": {"angle": 0, "axis": "y", "origin": [0, 8, 7]},
			"faces": {
				"north": {"uv": [2.25, 7, 2.499, 9.25], "texture": "#0"},
				"east": {"uv": [0, 7.25, 0.25, 9], "texture": "#0"},
				"south": {"uv": [0, 7.25, 0.25, 9], "texture": "#0"},
				"west": {"uv": [0, 7, 0.249, 9.25], "texture": "#0"},
				"up": {"uv": [2.25, 6.75, 2.499, 7], "texture": "#0"},
				"down": {"uv": [2.249, 8.999, 2.499, 9.249], "texture": "#0"}
			}
		},
		{
			"name": "potion",
			"from": [3, 0, 12],
			"to": [4, 9, 13],
			"rotation": {"angle": 0, "axis": "y", "origin": [0, 8, 16]},
			"faces": {
				"north": {"uv": [0, 7.25, 0.25, 9], "texture": "#0"},
				"east": {"uv": [0, 7.25, 0.25, 9], "texture": "#0"},
				"south": {"uv": [0, 7, 0.25, 9.25], "texture": "#0"},
				"west": {"uv": [2.25, 7, 2.499, 9.25], "texture": "#0"},
				"up": {"uv": [2.25, 4.5, 2.5, 4.75], "texture": "#0"},
				"down": {"uv": [2.249, 8.999, 2.499, 9.249], "texture": "#0"}
			}
		},
		{
			"name": "potion",
			"from": [12, 0, 12],
			"to": [13, 9, 13],
			"rotation": {"angle": 0, "axis": "y", "origin": [9, 8, 16]},
			"faces": {
				"north": {"uv": [0, 7.25, 0.25, 9], "texture": "#0"},
				"east": {"uv": [0, 7, 0.25, 9.25], "texture": "#0"},
				"south": {"uv": [2.25, 7, 2.499, 9.25], "texture": "#0"},
				"west": {"uv": [2.25, 7.25, 2.5, 8.999], "texture": "#0"},
				"up": {"uv": [0, 4.5, 0.25, 4.75], "texture": "#0"},
				"down": {"uv": [0, 9, 0.25, 9.25], "texture": "#0"}
			}
		},
		{
			"name": "potion",
			"from": [4, 11, 4],
			"to": [12, 13, 12],
			"rotation": {"angle": 0, "axis": "y", "origin": [9, 8, 12]},
			"faces": {
				"north": {"uv": [0, 4, 2, 4.499], "texture": "#0"},
				"east": {"uv": [0, 4, 2, 4.499], "texture": "#0"},
				"south": {"uv": [0, 4, 2, 4.499], "texture": "#0"},
				"west": {"uv": [0, 4, 2, 4.499], "texture": "#0"},
				"up": {"uv": [0, 2, 2, 3.999], "texture": "#0"},
				"down": {"uv": [0, 2, 2, 3.999], "texture": "#0"}
			}
		},
		{
			"name": "potion",
			"from": [5, 13, 5],
			"to": [11, 15, 11],
			"rotation": {"angle": 0, "axis": "y", "origin": [17, 21, 14]},
			"faces": {
				"north": {"uv": [4.5, 1.5, 6, 2], "texture": "#0"},
				"east": {"uv": [3, 1.5, 4.5, 2], "texture": "#0"},
				"south": {"uv": [1.5, 1.5, 3, 2], "texture": "#0"},
				"west": {"uv": [0, 1.5, 1.5, 2], "texture": "#0"},
				"up": {"uv": [1.5, 0, 3, 1.25], "texture": "#0"},
				"down": {"uv": [3, 0, 4.5, 1.5], "texture": "#0"}
			}
		},
		{
			"name": "potion",
			"from": [6, 9, 6],
			"to": [10, 11, 10],
			"rotation": {"angle": 0, "axis": "y", "origin": [17, 17, 14]},
			"faces": {
				"north": {"uv": [2.5, 3, 3.499, 3.5], "texture": "#0"},
				"east": {"uv": [2.5, 3, 3.499, 3.5], "texture": "#0"},
				"south": {"uv": [2.5, 3, 3.499, 3.499], "texture": "#0"},
				"west": {"uv": [2.5, 3, 3.498, 3.499], "texture": "#0"},
				"up": {"uv": [0, 0, 4, 4], "texture": "#missing"},
				"down": {"uv": [2.5, 2, 3.499, 2.999], "texture": "#0"}
			}
		},
		{
			"name": "potion",
			"from": [12, 8, 4],
			"to": [13, 9, 12],
			"rotation": {"angle": 0, "axis": "y", "origin": [9, 15, 7]},
			"faces": {
				"north": {"uv": [0, 0, 1, 1], "texture": "#missing"},
				"east": {"uv": [0.25, 7, 2.249, 7.249], "texture": "#0"},
				"south": {"uv": [0, 0, 1, 1], "texture": "#missing"},
				"west": {"uv": [0.25, 7, 2.25, 7.25], "texture": "#0"},
				"up": {"uv": [0, 4.75, 0.249, 6.75], "texture": "#0"},
				"down": {"uv": [0.25, 7, 2.25, 7.25], "texture": "#0"}
			}
		},
		{
			"name": "potion",
			"from": [12, 0, 4],
			"to": [13, 1, 12],
			"rotation": {"angle": 0, "axis": "y", "origin": [9, 7, 7]},
			"faces": {
				"north": {"uv": [0, 0, 1, 1], "texture": "#missing"},
				"east": {"uv": [0.25, 9, 2.249, 9.249], "texture": "#0"},
				"south": {"uv": [0, 0, 1, 1], "texture": "#missing"},
				"west": {"uv": [0.25, 9, 2.25, 9.249], "texture": "#0"},
				"up": {"uv": [0, 4.75, 0.249, 6.75], "texture": "#0"},
				"down": {"uv": [0.25, 9, 2.25, 9.249], "texture": "#0"}
			}
		}
	],
	"display": {
		"thirdperson_righthand": {
			"scale": [0.4, 0.4, 0.4]
		},
		"thirdperson_lefthand": {
			"scale": [0.4, 0.4, 0.4]
		},
		"firstperson_righthand": {
			"rotation": [-30, 0, 0],
			"translation": [1.25, 3.5, 0],
			"scale": [0.4, 0.4, 0.4]
		},
		"firstperson_lefthand": {
			"rotation": [-30, 0, 0],
			"translation": [1.25, 3.5, 0],
			"scale": [0.4, 0.4, 0.4]
		},
		"ground": {
			"translation": [0, 2.25, 0],
			"scale": [0.4, 0.4, 0.4]
		},
		"gui": {
			"rotation": [30, 225, 0],
			"translation": [0, 0.5, 0],
			"scale": [0.8, 0.8, 0.8]
		},
		"head": {
			"translation": [0, 12, 0],
			"scale": [0.7, 0.7, 0.7]
		}
	}
}